{
  "Beijing": {
    "code": "BJ",
    "center": [
      116.4074,
      39.9042
    ],
    "zoom": 10,
    "bounds": [
      116.20177917300009,
      39.776017006000075,
      116.54692802000011,
      40.225782613000035
    ],
    "slums_count": 59,
    "deslums_count": 14
  },
  "Shanghai": {
    "code": "SH",
    "center": [
      121.4737,
      31.2304
    ],
    "zoom": 10,
    "bounds": [
      121.40487119800002,
      30.97131640300006,
      121.81393884200008,
      31.383443709000062
    ],
    "slums_count": 102,
    "deslums_count": 55
  },
  "Guangzhou": {
    "code": "GZ",
    "center": [
      113.2644,
      23.1291
    ],
    "zoom": 10,
    "bounds": [
      113.17262539600006,
      23.019035365000036,
      113.4600690740001,
      23.254649348000044
    ],
    "slums_count": 340,
    "deslums_count": 12
  }
}